{
    "name": "root",
    "gauges": {
        "BrickAgent.Policy.Entropy.mean": {
            "value": 2.104074001312256,
            "min": 2.1020259857177734,
            "max": 2.7145392894744873,
            "count": 30
        },
        "BrickAgent.Policy.Entropy.sum": {
            "value": 21036.53125,
            "min": 17427.341796875,
            "max": 27148.671875,
            "count": 30
        },
        "BrickAgent.Environment.EpisodeLength.mean": {
            "value": 7.062903225806451,
            "min": 7.062903225806451,
            "max": 10.698245614035088,
            "count": 30
        },
        "BrickAgent.Environment.EpisodeLength.sum": {
            "value": 8758.0,
            "min": 5864.0,
            "max": 9147.0,
            "count": 30
        },
        "BrickAgent.Step.mean": {
            "value": 499992.0,
            "min": 209992.0,
            "max": 499992.0,
            "count": 30
        },
        "BrickAgent.Step.sum": {
            "value": 499992.0,
            "min": 209992.0,
            "max": 499992.0,
            "count": 30
        },
        "BrickAgent.Policy.ExtrinsicValueEstimate.mean": {
            "value": 0.920804500579834,
            "min": 0.8321110606193542,
            "max": 0.9208056330680847,
            "count": 30
        },
        "BrickAgent.Policy.ExtrinsicValueEstimate.sum": {
            "value": 1141.797607421875,
            "min": 462.1858215332031,
            "max": 1141.797607421875,
            "count": 30
        },
        "BrickAgent.Environment.CumulativeReward.mean": {
            "value": 0.9193709849830597,
            "min": 0.8830292531621386,
            "max": 0.9193709849830597,
            "count": 30
        },
        "BrickAgent.Environment.CumulativeReward.sum": {
            "value": 1140.020021378994,
            "min": 490.90000796318054,
            "max": 1140.020021378994,
            "count": 30
        },
        "BrickAgent.Policy.ExtrinsicReward.mean": {
            "value": 0.9193709849830597,
            "min": 0.8830292531621386,
            "max": 0.9193709849830597,
            "count": 30
        },
        "BrickAgent.Policy.ExtrinsicReward.sum": {
            "value": 1140.020021378994,
            "min": 490.90000796318054,
            "max": 1140.020021378994,
            "count": 30
        },
        "BrickAgent.IsTraining.mean": {
            "value": 1.0,
            "min": 1.0,
            "max": 1.0,
            "count": 30
        },
        "BrickAgent.IsTraining.sum": {
            "value": 1.0,
            "min": 1.0,
            "max": 1.0,
            "count": 30
        },
        "BrickAgent.Losses.PolicyLoss.mean": {
            "value": 0.025084935924193513,
            "min": 0.022370095724909334,
            "max": 0.027136518440480966,
            "count": 9
        },
        "BrickAgent.Losses.PolicyLoss.sum": {
            "value": 0.025084935924193513,
            "min": 0.022370095724909334,
            "max": 0.027136518440480966,
            "count": 9
        },
        "BrickAgent.Losses.ValueLoss.mean": {
            "value": 2.0739276645069065e-05,
            "min": 2.0739276645069065e-05,
            "max": 0.002303465268293318,
            "count": 9
        },
        "BrickAgent.Losses.ValueLoss.sum": {
            "value": 2.0739276645069065e-05,
            "min": 2.0739276645069065e-05,
            "max": 0.002303465268293318,
            "count": 9
        },
        "BrickAgent.Policy.LearningRate.mean": {
            "value": 8.7609970800001e-07,
            "min": 8.7609970800001e-07,
            "max": 0.0001581846472718,
            "count": 9
        },
        "BrickAgent.Policy.LearningRate.sum": {
            "value": 8.7609970800001e-07,
            "min": 8.7609970800001e-07,
            "max": 0.0001581846472718,
            "count": 9
        },
        "BrickAgent.Policy.Epsilon.mean": {
            "value": 0.10029200000000003,
            "min": 0.10029200000000003,
            "max": 0.15272820000000004,
            "count": 9
        },
        "BrickAgent.Policy.Epsilon.sum": {
            "value": 0.10029200000000003,
            "min": 0.10029200000000003,
            "max": 0.15272820000000004,
            "count": 9
        },
        "BrickAgent.Policy.Beta.mean": {
            "value": 2.4570800000000178e-05,
            "min": 2.4570800000000178e-05,
            "max": 0.0026411371799999997,
            "count": 9
        },
        "BrickAgent.Policy.Beta.sum": {
            "value": 2.4570800000000178e-05,
            "min": 2.4570800000000178e-05,
            "max": 0.0026411371799999997,
            "count": 9
        }
    },
    "metadata": {
        "timer_format_version": "0.1.0",
        "start_time_seconds": "1759971498",
        "python_version": "3.10.8 (main, Nov 24 2022, 14:13:03) [GCC 11.2.0]",
        "command_line_arguments": "/home/tito/miniconda3/envs/mlagents30/bin/mlagents-learn brick_config.yaml --run-id=brick8x8_goals2d_v1 --resume --time-scale=20 --no-graphics",
        "mlagents_version": "0.30.0",
        "mlagents_envs_version": "0.30.0",
        "communication_protocol_version": "1.5.0",
        "pytorch_version": "1.11.0+cu102",
        "numpy_version": "1.21.2",
        "end_time_seconds": "1759992693"
    },
    "total": 21194.992727014,
    "count": 1,
    "self": 0.005777841000963235,
    "children": {
        "run_training.setup": {
            "total": 0.010103388999993967,
            "count": 1,
            "self": 0.010103388999993967
        },
        "TrainerController.start_learning": {
            "total": 21194.976845784,
            "count": 1,
            "self": 5.983953488030238,
            "children": {
                "TrainerController._reset_env": {
                    "total": 24.188039071999924,
                    "count": 1,
                    "self": 24.188039071999924
                },
                "TrainerController.advance": {
                    "total": 21164.730986077968,
                    "count": 330397,
                    "self": 2.7243692087140516,
                    "children": {
                        "env_step": {
                            "total": 21162.006616869254,
                            "count": 330397,
                            "self": 20854.730914194763,
                            "children": {
                                "SubprocessEnvManager._take_step": {
                                    "total": 304.0682224318317,
                                    "count": 330397,
                                    "self": 12.335882957517015,
                                    "children": {
                                        "TorchPolicy.evaluate": {
                                            "total": 291.7323394743147,
                                            "count": 296426,
                                            "self": 291.7323394743147
                                        }
                                    }
                                },
                                "workers": {
                                    "total": 3.2074802426598126,
                                    "count": 330397,
                                    "self": 0.0,
                                    "children": {
                                        "worker_root": {
                                            "total": 21188.13790276333,
                                            "count": 330397,
                                            "is_parallel": true,
                                            "self": 602.3845925794958,
                                            "children": {
                                                "run_training.setup": {
                                                    "total": 0.0,
                                                    "count": 0,