{"count":1,"self":47.937257599999995,"total":48.768401999999995,"children":{"InitializeActuators":{"count":36,"self":0.0016389999999999998,"total":0.0016389999999999998,"children":null},"InitializeSensors":{"count":36,"self":0.001697,"total":0.001697,"children":null},"AgentSendState":{"count":423,"self":0.008489,"total":0.027582,"children":{"CollectObservations":{"count":388,"self":0.000888,"total":0.000888,"children":null},"WriteActionMask":{"count":388,"self":0.0017699999999999999,"total":0.0017699999999999999,"children":null},"RequestDecision":{"count":388,"self":0.016434999999999998,"total":0.016434999999999998,"children":null}}},"DecideAction":{"count":423,"self":0.78465599999999991,"total":0.78465599999999991,"children":null},"AgentAct":{"count":423,"self":0.014931999999999999,"total":0.014931999999999999,"children":null}},"gauges":{"RandomPositionAgent.CumulativeReward":{"count":35,"max":0.98,"min":0.0300000086,"runningAverage":0.837714255,"value":0.6500001,"weightedAverage":0.652344}},"metadata":{"timer_format_version":"0.1.0","start_time_seconds":"1762170549","unity_version":"2022.3.40f1","command_line_arguments":"\/home\/tito\/Unity\/Hub\/Editor\/2022.3.40f1\/Editor\/Unity -projectpath \/home\/tito\/Área de Trabalho\/Unity\/Curso Code\/ML Agents Library -useHub -hubIPC -cloudEnvironment production -licensingIpc LicenseClient-tito -hubSessionId 14bcee9d-863a-4e12-a2fc-79bc0eb5e59b -accessToken OB7B80vJv7gvTtmXlRRLZx8M8vkG0xk1qENy6x8CZ_Q004f","communication_protocol_version":"1.5.0","com.unity.ml-agents_version":"2.0.1","scene_name":"RandomPosition","end_time_seconds":"1762170597"}}